felhasznaloNev;email;vasarlasokSzama;nem;fizetesiMod
nkoschke0;ctouret0@foxnews.com;49;N;maestro
bbroadbent1;mdannohl1@whitehouse.gov;24;N;visa
ekleen2;rmearns2@godaddy.com;34;N;visa
lharvatt3;rcarrol3@github.io;10;F;mastercard
npockey4;tlear4@foxnews.com;30;N;visa
ssquirrel5;mfynan5@npr.org;43;F;maestro
wrussen6;tashtonhurst6@abc.net.au;5;N;visa
wgrimwade7;vdittson7@nydailynews.com;22;F;visa
tespadater8;vmager8@goo.ne.jp;30;F;maestro
cdownes9;dkinnane9@cnet.com;43;N;maestro
skerssa;rruckerta@t-online.de;18;N;mastercard
hcorfieldb;dkippinsb@washingtonpost.com;1;F;visa
bhegartyc;vyewdallc@amazonaws.com;30;N;visa
lpurserd;ibaseked@redcross.org;43;N;mastercard
tkybirde;fbalcone@addthis.com;22;N;visa
mjirikf;jkendalf@jugem.jp;33;N;visa
ggirodiasg;cpadillag@msu.edu;48;N;mastercard
awilleh;msteffensh@reference.com;16;F;visa
novizei;lpitteti@timesonline.co.uk;8;N;maestro
jpinwellj;mmachansj@blogs.com;19;F;mastercard
tmccartank;teacottk@cbc.ca;20;F;mastercard
epickaverl;aclarisl@163.com;48;N;maestro
cpohlkem;vtomasinom@surveymonkey.com;2;N;mastercard
egallachern;jbridgewoodn@redcross.org;37;N;visa
ependleburyo;mwildasho@dell.com;41;N;mastercard
adockreyp;tfreebornp@arizona.edu;1;N;visa
gyablsleyq;gstoffelsq@bravesites.com;22;F;mastercard
lhammersonr;escuffhamr@ucoz.ru;35;F;visa
epaulleys;tplowess@networksolutions.com;21;F;mastercard
ehendricksont;tinkpent@newsvine.com;29;F;visa
fgrangieru;acotheyu@simplemachines.org;18;N;visa
dshanev;malstonv@phpbb.com;35;N;mastercard
abartolettiw;tabbatew@bing.com;33;N;maestro
fblackmoorx;sallbrookx@mozilla.org;45;F;mastercard
wrymmery;mgoodacrey@nbcnews.com;4;N;visa
tdodgsonz;dmichellz@uol.com.br;48;N;mastercard
cglassup10;kpetzolt10@friendfeed.com;24;N;maestro
eloosmore2d;rriley11@lycos.com;49;N;maestro
gsouter2e;sminett12@lulu.com;49;N;visa
bshoemark2f;aprimett13@army.mil;40;N;mastercard
dtravers2g;vgrimditch14@shutterfly.com;12;F;mastercard
jbraundt2h;mfowlestone15@discuz.net;42;N;maestro
kmeletti2i;rdestoop16@deviantart.com;14;F;mastercard
acasina2j;lfaldo17@icio.us;39;N;visa
scasarini2k;cvernalls18@smh.com.au;29;N;visa
plillie2l;mtumility19@whitehouse.gov;39;F;visa
fgribbon2m;cgunner1a@samsung.com;15;F;visa
bsellers2n;dsallery1b@artisteer.com;28;N;visa
tdearman2o;lmeagh1c@squidoo.com;46;F;mastercard
alowdham2p;kmallinar1d@dailymail.co.uk;44;N;visa
gvernham2q;rmaccurtain1e@admin.ch;42;N;visa
asanton2r;rfeben1f@aol.com;23;N;maestro
ldewis2s;bjellico1g@ifeng.com;46;N;maestro
rskipworth2t;aaddicote1h@microsoft.com;36;F;mastercard
jfurmage2u;mdhooge1i@w3.org;7;N;visa
cbatie2v;dgruszczak1j@amazon.co.jp;23;F;maestro
htwitchett2w;dpomfret1k@odnoklassniki.ru;41;F;mastercard
nkrauss2x;dblacker1l@bluehost.com;45;F;visa
vlondon2y;tgodbald1m@icq.com;40;N;visa
mvallow2z;cmcreidy1n@zdnet.com;22;F;visa
lpetschelt30;mspandley1o@nasa.gov;10;N;maestro
mwane31;mgeorgescu1p@nationalgeographic.com;34;N;mastercard
jhanshaw32;abenninck1q@ezinearticles.com;32;N;mastercard
gmcnirlin33;psidry1r@phpbb.com;4;N;visa
kfechnie34;mgarthside1s@example.com;38;N;visa
nnorres35;fabramino1t@nba.com;29;F;mastercard
wkillwick36;kjoliffe1u@state.tx.us;24;F;maestro
acrimp37;phayen1v@businessweek.com;8;N;visa
bcastagneri38;cbyass1w@marriott.com;3;F;mastercard
sflood39;wanton1x@google.pl;6;N;maestro
vticehurst3a;lcutforth1y@newsvine.com;11;N;maestro
dleare3b;eeliesco1z@boston.com;22;F;maestro
elevensky3c;klenahan20@narod.ru;19;N;visa
repps3d;ckendrew21@godaddy.com;43;N;visa
hskarin3e;bissac22@hc360.com;49;F;visa
scraufurd3f;smelbourne23@icq.com;27;N;mastercard
acuskery3g;manand24@shop-pro.jp;1;F;maestro
kmincini3h;skenforth25@google.pl;45;F;maestro
mmacvay3i;hpierucci26@upenn.edu;44;N;maestro
iclink3j;syuryaev27@studiopress.com;28;F;visa
rhumbie3k;aabbett28@go.com;29;F;visa
gscaysbrook3l;aorringe29@ed.gov;37;F;mastercard
jmaccaffrey3m;lcawsy2a@slate.com;30;F;mastercard
hhuntly3n;btrehearne2b@arizona.edu;16;N;mastercard
fmcnair3o;amaling2c@acquirethisname.com;31;F;maestro
kdunstan3p;nlembrick2d@quantcast.com;37;F;mastercard
kshackell3q;bkarlowicz2e@w3.org;4;F;maestro
gegginson3r;ybugdell2f@mac.com;48;F;mastercard
emasserel3s;bcollie2g@fastcompany.com;41;N;mastercard
dstilly3t;mfransseni2h@businessinsider.com;36;N;maestro
clongmuir3u;rorth2i@foxnews.com;25;N;mastercard
ldufer3v;cibbett2j@dedecms.com;36;F;visa
mhaylock3w;mlayborn2k@google.com.br;5;N;maestro
ltesauro3x;csetterthwait2l@hhs.gov;17;F;visa
cwyllie3y;gmantripp2m@com.com;44;F;mastercard
dsutherel3z;csenton2n@bloglovin.com;47;F;mastercard
fmcfeate40;nmcgeechan2o@blog.com;26;F;mastercard
shayhow41;dmockler2p@yahoo.com;47;F;mastercard
eperche42;etumelty2q@parallels.com;5;N;mastercard
slowder43;dsutehall2r@dagondesign.com;44;F;visa
hjacobson44;pclibbery2s@macromedia.com;8;F;maestro
kerrichelli45;afabri2t@vk.com;13;N;visa
acasolla46;ltrengrove2u@posterous.com;39;N;visa
uluckes47;cgunningham2v@webmd.com;27;N;maestro
felliff48;bmackimmie2w@hao123.com;10;F;maestro
gvaskov49;icastri2x@phpbb.com;31;F;visa
lgladbach4a;mstrother2y@biglobe.ne.jp;21;N;mastercard
hmcgairl4b;gsodory2z@mac.com;2;F;maestro
cmaulden4c;blampe30@altervista.org;23;N;visa
nkubat4d;edoucette31@reverbnation.com;1;F;mastercard
dgino4e;bjeens32@hexun.com;2;F;maestro
bmenlow4f;msaywood33@google.com.hk;28;N;visa
pfiller4g;hflobert34@intel.com;6;F;maestro
spengelley4h;agarretson35@senate.gov;26;N;visa
sreay4i;ckobpal36@hostgator.com;47;F;mastercard
jhucks4j;srout37@blogtalkradio.com;14;N;maestro
bwitheford4k;jcutteridge38@aboutads.info;4;N;maestro
draithmill4l;ymcgoldrick39@wikispaces.com;30;N;maestro
rgrayling4m;ahemphall3a@marriott.com;42;N;maestro
msprasen4n;lcunnah3b@engadget.com;6;N;visa
khowsan4o;gossipenko3c@odnoklassniki.ru;48;N;visa
slaudham4p;rchoke3d@icio.us;36;F;mastercard
mensley4q;llodeke3e@edublogs.org;11;N;visa
rlankester4r;hgres3f@pagesperso-orange.fr;20;N;mastercard
eferrettini4s;jtudge3g@earthlink.net;11;N;mastercard
trushman4t;jrechert3h@jugem.jp;21;F;maestro
dvicent4u;cwigglesworth3i@tiny.cc;26;F;maestro
emcilriach4v;kbeadham3j@soup.io;3;N;maestro
posipenko4w;atillerton3k@columbia.edu;49;F;maestro
hgulliman4x;mkemmett3l@woothemes.com;13;N;mastercard
dmadelin4y;ggarthland3m@bluehost.com;6;F;maestro
sbollands4z;agirt3n@google.co.jp;8;N;visa
ldarlasson50;dhamson3o@surveymonkey.com;31;N;maestro
lmatterson51;kcleveland3p@pagesperso-orange.fr;32;F;visa
nducker52;rcraft3q@google.com;41;N;visa
mkinze53;iabramamovh3r@mac.com;46;N;visa
gferrai54;aloy3s@123-reg.co.uk;50;F;mastercard
atompkinson55;kfoulkes3t@instagram.com;17;N;maestro
hbirdfield56;atayler3u@bizjournals.com;39;F;maestro
kcasale57;cstait3v@scientificamerican.com;46;N;maestro
egarlicke58;aambrose3w@gravatar.com;10;F;maestro
gbantock59;nsearston3x@telegraph.co.uk;10;F;maestro
adawton5a;bbatcock3y@rambler.ru;6;F;mastercard
shulle5b;dtimoney3z@webnode.com;45;F;mastercard
tnoli5c;adeath40@ucoz.com;49;F;mastercard
gvacher5d;rrosenblatt41@nps.gov;14;N;maestro
snuss5e;zducker42@blog.com;38;F;mastercard
lwestmarland5f;slabrow43@soundcloud.com;11;F;mastercard
jjahnel5g;ddalinder44@webmd.com;16;F;maestro
cbosse5h;ecasewell45@google.ca;46;F;visa
vgayter5i;caicken46@businessweek.com;44;F;visa
sboshers5j;bhands47@bloomberg.com;14;N;mastercard
sbellson5k;ananelli48@walmart.com;50;N;maestro
ilutwidge5l;wpoizer49@usatoday.com;7;F;maestro
ekrysztowczyk5m;tmacgillespie4a@goodreads.com;16;N;mastercard
hshemming5n;alockett4b@sitemeter.com;49;N;visa
rclimar5o;rpeachman4c@narod.ru;31;N;maestro
scracknell5p;hcasterou4d@virginia.edu;25;N;maestro
bisacke5q;kblaszczynski4e@webeden.co.uk;6;N;visa
skinnerley5r;tcaverhill4f@github.io;2;N;maestro
tlansdown5s;tmckirdy4g@state.tx.us;24;F;mastercard
jeliez5t;cdax4h@paypal.com;2;N;maestro
mcanlin5u;kduerden4i@aol.com;14;N;maestro
wdambrogio5v;cbrahams4j@twitpic.com;27;N;mastercard
wstetson5w;wpotzold4k@shutterfly.com;42;N;mastercard
gbrumpton5x;lstanyland4l@merriam-webster.com;15;N;visa
kbanham5y;lbreddy4m@mediafire.com;26;F;visa
jkettridge5z;cpettman4n@yelp.com;18;F;visa
odibiaggi60;mdurning4o@wikimedia.org;12;N;maestro
sstoller61;jfuzzens4p@webs.com;36;F;visa
wwarlock62;aboarder4q@mysql.com;32;N;mastercard
lbroxton63;fgoding4r@shinystat.com;26;N;maestro
nbartczak64;bgrinaway4s@godaddy.com;48;N;maestro
ddegiorgio65;gclausenthue4t@marketwatch.com;44;F;maestro
bdiroberto66;ecastille4u@yellowbook.com;24;F;maestro
lfabb67;abenech4v@dagondesign.com;32;N;mastercard
cdeortega68;dsabberton4w@sbwire.com;41;N;mastercard
jvaux69;sdownie4x@moonfruit.com;48;F;visa
bfechnie6a;phollow4y@mac.com;5;F;visa
lrutherfoord6b;cverrick4z@hubpages.com;39;F;mastercard
teloy6c;mcaldayrou50@friendfeed.com;45;F;visa
sclifft6d;ehindge51@fda.gov;23;F;mastercard
oritelli6e;dmcdermid52@oracle.com;35;N;maestro
yschieferstein6f;nbraikenridge53@shareasale.com;15;F;visa
hjimpson6g;cmcginney54@a8.net;30;F;visa
ebeevor6h;mcasaccio55@engadget.com;3;F;mastercard
gmcsporrin6i;mrebeiro56@cloudflare.com;30;F;mastercard
tgarman6j;kbothwell57@psu.edu;49;N;maestro
adenial6k;bkiddie58@senate.gov;33;F;mastercard
ascipsey6l;ccollingworth59@mapquest.com;46;F;maestro
urobken6m;lwolfindale5a@mit.edu;14;N;maestro
ghastin6n;mtzuker5b@oakley.com;20;N;maestro
twenger6o;whallgath5c@mapquest.com;22;N;mastercard
nenrico6p;acarss5d@merriam-webster.com;49;N;maestro
ckingett6q;sstanyforth5e@bigcartel.com;35;F;maestro
arosthorn6r;rsoutar5f@hexun.com;36;F;mastercard
kgittus6s;tbarneveld5g@clickbank.net;48;N;visa
wgodin6t;dtupper5h@va.gov;10;N;visa
bdrews6u;ppetranek5i@lycos.com;40;F;visa
pheliot6v;mwitts5j@biglobe.ne.jp;41;N;visa
cjouandet6w;efellis5k@hugedomains.com;4;N;visa
bharrower6x;wsimyson5l@upenn.edu;42;F;visa
rpoundford6y;fphibb5m@issuu.com;33;F;visa
fzanettini6z;mconnors5n@merriam-webster.com;37;F;visa
croan70;lhaldene5o@ezinearticles.com;37;F;visa
mberick71;ohartfield5p@ycombinator.com;28;F;visa
cgonsalo72;jpoile5q@wikispaces.com;21;N;visa
wdambrogi73;ebrockwell5r@ustream.tv;34;F;visa
mloding74;rzoellner5s@dion.ne.jp;17;F;visa
greynard75;jgravenell5t@samsung.com;45;F;mastercard
lbris76;chathaway5u@oracle.com;38;F;visa
cjeacock77;browswell5v@oracle.com;5;N;visa
jlittefair78;mkeese5w@cnet.com;46;F;maestro
npiaggia79;amiddler5x@google.ca;19;F;maestro
rboissier7a;qbrombell5y@opensource.org;24;N;mastercard
hhumes7b;pgillman5z@de.vu;10;F;mastercard
awindridge7c;traubenheim60@bloomberg.com;48;N;mastercard
cwinspar7d;jropp61@ning.com;18;F;visa
gfaltin7e;agooderson62@prweb.com;34;N;visa
edurran7f;arebanks63@wikimedia.org;3;F;visa
rlovel7g;siacomi64@phoca.cz;28;F;visa
bfeatherstone7h;mchasmoor65@shutterfly.com;40;F;visa
vagus7i;bclandillon66@artisteer.com;39;F;mastercard
mcasburn7j;iweiser67@bloglines.com;30;N;mastercard
dgilstin7k;apomphrett68@gmpg.org;48;N;visa
kribbens7l;lblayd69@diigo.com;46;N;visa
bfidge7m;akohter6a@aol.com;2;F;mastercard
bburwin7n;mtilt6b@uiuc.edu;39;N;maestro
aelleyne7o;amackomb6c@hibu.com;9;N;maestro
dfillgate7p;atoghill6d@behance.net;32;F;maestro
mconquest7q;rwilshaw6e@omniture.com;23;N;mastercard
mchastey7r;tbland6f@hugedomains.com;12;N;visa
sohrt7s;zghioni6g@seesaa.net;2;F;mastercard
soganian7t;hlorence6h@xing.com;14;N;maestro
tlorraine7u;sspatari6i@who.int;26;N;maestro
rmorales7v;emclelland6j@admin.ch;21;N;visa
tpowell7w;kspeare6k@pbs.org;48;N;maestro
nhousegoe7x;uologan6l@yolasite.com;30;N;maestro
mstood7y;jloadsman6m@trellian.com;13;N;maestro
mgillum7z;mskydall6n@posterous.com;48;N;maestro
ahazelby80;treddan6o@simplemachines.org;38;F;maestro
wlamborne81;vmarconi6p@tumblr.com;27;N;maestro
jclapton82;sjacmar6q@flavors.me;15;F;mastercard
bdonisthorpe83;clander6r@marriott.com;35;F;visa
cskaifedingerthorpe84;atipton6s@go.com;34;F;mastercard
gbridgens85;imcgirr6t@cyberchimps.com;33;F;mastercard
cgarlic86;wpawfoot6u@google.nl;22;F;maestro
scasero87;ajury6v@cdbaby.com;15;N;maestro
cdeevey88;lmcsperrin6w@msn.com;24;N;maestro
mchipchase89;lqueste6x@macromedia.com;25;F;mastercard
mmaclaren8a;ksee6y@shareasale.com;40;F;maestro
hwortman8b;hrennard6z@t.co;44;F;visa
avasilik8c;fhursey70@cam.ac.uk;7;N;visa
ffagan8d;krigmond71@unicef.org;37;F;visa
fsheard8e;mknutton72@clickbank.net;43;F;visa
rvagg8f;dkeeting73@harvard.edu;3;N;mastercard
mhymor8g;wdacombe74@gravatar.com;46;N;mastercard
geasseby8h;pgritland75@pcworld.com;9;N;mastercard
awestwood8i;cdomone76@github.com;1;F;maestro
hgamwell8j;iillingsworth77@usa.gov;43;N;visa
spendry8k;cginnane78@howstuffworks.com;38;F;mastercard
wsatterthwaite8l;rmaskall79@fc2.com;43;F;visa
kkolinsky8m;jcarrabot7a@symantec.com;5;N;maestro
dgethen8n;wcoomber7b@timesonline.co.uk;41;N;visa
ddarth8o;rhendrichs7c@nature.com;39;F;maestro
gjonczyk8p;okernock7d@scientificamerican.com;49;F;mastercard
gswyn8q;rcrumby7e@prlog.org;8;F;maestro
vterry8r;zmoscon7f@chron.com;11;F;maestro
lbertot8s;rklulik7g@cdc.gov;2;N;maestro
efrowen8t;grapelli7h@uol.com.br;48;N;mastercard
pfann8u;glansdale7i@dailymotion.com;48;N;mastercard
ccornelleau8v;lstaddom7j@examiner.com;40;N;maestro
swestcarr8w;ccannam7k@hugedomains.com;21;F;maestro
elaity8x;bpedican7l@meetup.com;43;N;mastercard
fasel8y;sduncan7m@craigslist.org;11;F;maestro
fcolin8z;groft7n@dropbox.com;42;N;maestro
hmurrison90;hgethings7o@issuu.com;28;N;maestro
ilegan91;mabilowitz7p@state.gov;50;N;visa
khinckesman92;avero7q@cdbaby.com;20;F;mastercard
lspira93;bmccole7r@umich.edu;30;N;maestro
dshovel94;jammer7s@plala.or.jp;20;F;mastercard
gmazzey95;hvesque7t@census.gov;6;F;mastercard
mdunrige96;lpostlewhite7u@mysql.com;8;N;maestro
vbounds97;cbalnaves7v@ustream.tv;10;N;mastercard
aarp98;cgasker7w@topsy.com;15;F;mastercard
chawke99;mcouroy7x@sourceforge.net;24;F;mastercard
ggrealy9a;ygillcrist7y@woothemes.com;49;N;maestro
tlowson9b;ioda7z@columbia.edu;29;F;mastercard
santoniutti9c;bchadbourne80@yahoo.com;45;N;mastercard
cbratt9d;amayward81@ebay.com;19;F;mastercard
hstickler9e;jsola82@si.edu;17;F;maestro
jdeamer9f;mfoort83@printfriendly.com;11;F;visa
klangeley9g;zscorer84@sun.com;38;F;mastercard
adullingham9h;kquig85@g.co;2;N;maestro
pledwich9i;rmurra86@miibeian.gov.cn;25;N;visa
bcomfort9j;hioannou87@vimeo.com;36;N;visa
csmiths9k;smcmaster88@symantec.com;12;F;mastercard
kraiker9l;gnottingham89@ezinearticles.com;38;F;mastercard
fmonson9m;drimbault8a@amazonaws.com;8;N;mastercard
mvales9n;aingre8b@admin.ch;19;N;visa
dghost9o;cmoretto8c@bravesites.com;32;N;visa
jszach9p;fkime8d@nyu.edu;16;F;visa
cmattimoe9q;tscreeton8e@dmoz.org;22;N;visa
jjersch9r;crenahan8f@berkeley.edu;3;N;visa
fmckerrow9s;rbeeby8g@army.mil;3;F;mastercard
ddequesne9t;mbore8h@ox.ac.uk;39;F;maestro
ahannay9u;bbushe8i@goo.gl;35;F;maestro
vpaslow9v;jlaurencot8j@google.co.jp;23;F;mastercard
umccorrie9w;acornhill8k@google.es;34;F;mastercard
sjaxon9x;cmaylor8l@google.com.br;39;F;maestro
kdaintrey9y;gbegbie8m@google.es;28;N;mastercard
zriby9z;dbasindale8n@wiley.com;25;F;maestro
cbrislana0;apeppard8o@squarespace.com;13;N;maestro
llockheada1;cwetherald8p@un.org;32;F;maestro
jmathesona2;dfountian8q@goo.ne.jp;31;N;visa
asawreya3;ktookill8r@usnews.com;7;N;visa
mghiona4;jandrat8s@wp.com;44;F;mastercard
fbeltona5;etilly8t@geocities.com;12;N;maestro
belfea6;rlynagh8u@independent.co.uk;11;F;mastercard
lbowleswortha7;akock8v@bigcartel.com;24;F;maestro
bbrungera8;ebigham8w@blogspot.com;41;N;mastercard
kpudena9;sterzo8x@pinterest.com;25;F;mastercard
rrobardleyaa;hrosenshine8y@nydailynews.com;35;N;visa
lhenburyab;blace8z@de.vu;17;F;mastercard
omcmenaminac;kyukhnevich90@ifeng.com;41;N;maestro
brobetad;acasse91@hexun.com;45;F;mastercard
cmandrierae;acount92@toplist.cz;28;F;maestro
yizsakaf;tmuir93@marketwatch.com;19;F;mastercard
mdemogeotag;pwalshaw94@addthis.com;4;N;mastercard
iendsah;jdenrico95@hao123.com;47;F;mastercard
hridholeai;jelloy96@google.fr;8;F;mastercard
svakhlovaj;atalboy97@microsoft.com;6;N;mastercard
bgilberthorpeak;fkeems98@cafepress.com;37;F;maestro
ejoscelyneal;jkrale99@addthis.com;9;F;visa
darminam;cillesley9a@businesswire.com;36;F;mastercard
fjosephian;adoncom9b@unicef.org;14;F;mastercard
jwhittleseaao;jaizikovitch9c@g.co;12;F;mastercard
tvittoriap;atodari9d@usda.gov;46;F;visa
wcoucheaq;rlamyman9e@studiopress.com;42;F;visa
agorettiar;lsoldan9f@studiopress.com;47;N;visa
ecuerdallas;ltemblett9g@merriam-webster.com;39;N;visa
pbassindaleat;cosmint9h@imdb.com;25;F;mastercard
dwindleau;kmettrick9i@xing.com;23;F;mastercard
ablaxillav;jlively9j@shinystat.com;26;N;mastercard
hschruyersaw;otrinbey9k@addtoany.com;18;F;visa
enapletonax;jfellnee9l@nationalgeographic.com;13;F;visa
skrolleay;ahalworth9m@goodreads.com;10;N;maestro
tbutaz;pchippin9n@miibeian.gov.cn;36;N;maestro
jelmoreb0;hsonnenschein9o@pagesperso-orange.fr;41;F;maestro
ljeeksb1;dgoodswen9p@github.com;21;F;visa
stixallb2;htunbridge9q@reddit.com;17;N;maestro
tmcraeb3;omyrick9r@columbia.edu;18;N;maestro
agorewayb4;melsop9s@archive.org;12;N;visa
mfranckb5;qblazic9t@dion.ne.jp;42;F;maestro
cdellarb6;tkimbrey9u@free.fr;24;F;visa
imcmeekanb7;abackman9v@latimes.com;7;F;maestro
ltwellsb8;sferrillio9w@bloglines.com;35;N;visa
mlecointeb9;lsired9x@bbb.org;11;F;mastercard
dguageba;dolehane9y@independent.co.uk;17;N;maestro
hchurchousebb;nwinser9z@opensource.org;32;N;mastercard
nsimmansbc;hodownea0@craigslist.org;8;F;visa
dofiellybd;ssmarta1@shutterfly.com;34;F;maestro
hbutenbe;rbritoa2@nationalgeographic.com;22;F;visa
olouchbf;vdohmanna3@multiply.com;8;N;mastercard
eallderidgebg;jgunbiea4@arizona.edu;23;N;visa
gferrettibh;hprendeguesta5@kickstarter.com;26;F;visa
igillimghambi;einsolea6@slideshare.net;12;F;mastercard
yrevancebj;mbortha7@ihg.com;7;F;visa
bfinkbk;mlawdena8@bigcartel.com;18;F;visa
cmarquissbl;mnielsona9@posterous.com;3;F;visa
adonnachiebm;regreaa@tiny.cc;19;N;mastercard
bwydbn;shorbathab@tuttocitta.it;43;N;mastercard
sohannenbo;bangusac@shop-pro.jp;13;F;visa
sarnaultbp;ggrindrodad@samsung.com;12;F;maestro
mfilippazzobq;kmorrisseyae@printfriendly.com;7;N;maestro
smaymandbr;aputtonaf@soundcloud.com;4;F;visa
bewanbs;jgisburneag@odnoklassniki.ru;36;F;maestro
mbrushneenbt;mwhileyah@mlb.com;45;F;visa
srootsbu;cstollai@alexa.com;36;F;visa
rreadheadbv;lkollaschaj@sbwire.com;45;N;mastercard
cayresbw;wpinsonak@ehow.com;22;F;maestro
ebraggintonbx;dcornilleaual@phoca.cz;44;F;visa
ghillburnby;pterbeekam@bloglines.com;29;N;maestro
gtatebz;dfidockan@senate.gov;37;N;visa
adowryc0;hbrammerao@unicef.org;18;N;mastercard
vlacazec1;fshovellap@cocolog-nifty.com;2;N;mastercard
tcarbinec2;nosgerbyaq@eventbrite.com;41;N;visa
lbrasierc3;bbalassiar@typepad.com;18;N;maestro
aedgesonc4;emcellenas@so-net.ne.jp;34;F;maestro
bseamonc5;ajimmesat@godaddy.com;49;N;maestro
tcatterollc6;odrewetau@people.com.cn;22;F;visa
asnooksc7;glougheadav@icq.com;39;N;maestro
mwaringc8;aaggasaw@clickbank.net;7;N;visa
vwhistlecraftc9;zcaax@smh.com.au;49;N;visa
jduboisca;apepperday@blog.com;40;F;visa
jiorillocb;nfuttyaz@amazon.com;13;N;maestro
iadnettcc;fcorderob0@tripod.com;8;F;maestro
cpucknellcd;jarnkeb1@storify.com;43;N;mastercard
mnoarce;abooseyb2@dropbox.com;20;F;visa
apetruschcf;ecarnieb3@tumblr.com;19;F;mastercard
cspyercg;rklicherb4@imgur.com;7;N;maestro
tvarlowch;lmunneryb5@artisteer.com;11;N;visa
pbudgeyci;lrozzierb6@skype.com;38;F;mastercard
hfrenzlcj;ajanauschekb7@pcworld.com;32;N;mastercard
bcarderck;tmerrienb8@51.la;12;F;maestro
wpaddingtoncl;pbalshenb9@berkeley.edu;1;N;mastercard
erultoncm;ebeamanba@techcrunch.com;38;N;mastercard
bchicchettocn;gjanmanbb@ucoz.com;24;N;mastercard
eboscherco;cbirchwoodbc@seesaa.net;38;N;mastercard
mkenchcp;fdunseathbd@blog.com;24;N;mastercard
mdunderdalecq;cfitchetbe@independent.co.uk;26;N;visa
jniblocr;klangtreebf@ucoz.com;40;F;maestro
uballingalcs;gbrandonibg@noaa.gov;49;N;maestro
lwarrenct;fbrabantbh@hhs.gov;24;N;mastercard
jbewsycu;cfryattbi@deliciousdays.com;10;N;mastercard
amabbcv;prenfrewbj@squidoo.com;48;N;mastercard
cboylundcw;lcrowcumbk@house.gov;23;F;visa
esouthgatecx;mdallmannbl@bing.com;1;F;mastercard
afolkerdcy;nstroodbm@netscape.com;34;N;maestro
nkuhlcz;zmallisonbn@storify.com;47;N;maestro
daxtend0;jespinhobo@deliciousdays.com;2;N;maestro
mwaadenburgd1;nbalnavebp@constantcontact.com;22;F;maestro
dtedorenkod2;mbruinemanbq@bing.com;12;F;visa
emothd3;isantellobr@drupal.org;40;F;maestro
mcolmored4;sayshbs@i2i.jp;8;N;mastercard
barchbaldd5;mcockerillbt@flavors.me;4;N;maestro
nmelodyd6;oewellsbu@ihg.com;12;F;visa
gargraved7;vmitchelhillbv@spiegel.de;22;N;mastercard
dlevaned8;bbonnbw@surveymonkey.com;20;N;visa
bbeterissd9;lshaylorbx@baidu.com;28;N;mastercard
jpolkinghorneda;jmccallby@flavors.me;2;N;maestro
eapplewhitedb;achilleybz@rambler.ru;48;F;maestro
tmuzzidc;dbloanc0@icio.us;45;N;mastercard
wsenchenkodd;ejedrzejewskic1@cam.ac.uk;46;N;visa
bcranglede;kvidac2@opensource.org;18;N;mastercard
mmcronalddf;ibickstethc3@newsvine.com;18;F;maestro
tbudgetdg;iconkayc4@technorati.com;21;N;mastercard
iwardingleydh;akellogc5@pbs.org;5;F;maestro
kgillebridedi;casliec6@bloglovin.com;40;F;visa
bmcdougledj;mofiellyc7@sbwire.com;43;F;mastercard
alimrickdk;tinnettc8@fastcompany.com;29;N;maestro
plesperdl;gnannc9@elegantthemes.com;8;N;visa
akocherdm;adunmoreca@blogspot.com;39;F;maestro
fstobbesdn;jeardleycb@soup.io;19;N;mastercard
bmougeneldo;ccarmancc@geocities.com;5;N;maestro
tbasellidp;cmatitiahocd@home.pl;25;N;mastercard
hlinleydq;cmcettigence@tuttocitta.it;28;N;maestro
fratkedr;hmcgraylecf@163.com;8;N;maestro
tnurdinds;ptookeycg@dagondesign.com;17;F;mastercard
lplaildt;bdeversch@creativecommons.org;35;N;visa
dbaudetdu;lpeytonci@cargocollective.com;2;N;visa
nsandalldv;lpennycockcj@ucoz.com;9;F;maestro
btowlerdw;fborzonick@desdev.cn;28;F;maestro
bkleedx;gbarokcl@feedburner.com;24;F;mastercard
rmogrady;mrymercm@t.co;18;N;mastercard
kpooldz;triponcn@yellowbook.com;10;N;mastercard
eogdahle0;vlegonidecco@shop-pro.jp;37;N;mastercard
gstilwelle1;eflecknoecp@mit.edu;38;N;visa
mjordine2;nzinckecq@cdc.gov;40;N;mastercard
jegiloffe3;cwixoncr@theglobeandmail.com;8;F;visa
ajukese4;olemeriecs@jigsy.com;4;F;visa
taitchisone5;agillumct@smugmug.com;23;F;mastercard
wpentine6;aosirincu@comsenz.com;9;N;mastercard
mspecke7;wrudwellcv@youtube.com;18;F;maestro
mnanellie8;hdowsettcw@squarespace.com;39;F;maestro
eeyame9;tfenloncx@printfriendly.com;45;N;maestro
kgilstonea;adunlopcy@fastcompany.com;17;N;mastercard
chatfieldeb;faveriescz@ihg.com;25;F;maestro
lburgissec;cdyhoused0@gizmodo.com;48;F;visa
plallyed;tmacfaddend1@samsung.com;35;F;mastercard
mhassenee;rmocklerd2@seesaa.net;34;F;maestro
mravenscraftef;aiorizzid3@ucoz.com;35;F;visa
cjankiewiczeg;ddoftyd4@npr.org;6;N;visa
kletterickeh;jgresswoodd5@parallels.com;9;N;visa
gimesenei;ftrippittd6@google.cn;8;N;mastercard
espryej;apinnockd7@xinhuanet.com;29;N;maestro
oyewdallek;rhampshawd8@dell.com;35;F;maestro
rtroniel;wgoodramd9@youku.com;8;F;mastercard
chrinchenkoem;bwhytockda@lycos.com;41;F;visa
msaineren;cgaisforddb@google.com.au;12;N;visa
randryseo;deyresdc@google.de;27;N;visa
dtheobaldep;rfincidd@usgs.gov;35;N;maestro
scrummyeq;gmcdermotde@salon.com;43;N;visa
hcremerer;rvaulkharddf@flickr.com;30;F;visa
ejeremiahes;dorpindg@photobucket.com;11;F;visa
sveeverset;msortondh@goodreads.com;39;F;mastercard
drivardeu;lpittolidi@github.com;35;N;visa
mscempev;igoddmandj@mail.ru;28;N;mastercard
ycamilioew;kmacfaydendk@apache.org;14;N;visa
ugawnex;dbevensdl@vimeo.com;34;N;visa
gscutchingey;treforddm@nasa.gov;24;F;visa
aeyersez;lzywickidn@mac.com;34;F;visa
osackurf0;ssolmando@opensource.org;26;N;maestro
dsievef1;dahrenddp@wp.com;28;N;mastercard
ioggersf2;abusstdq@vinaora.com;23;N;mastercard
dkeenlysidef3;msabatesdr@dmoz.org;25;N;maestro
sslaineyf4;pledfordds@abc.net.au;43;F;mastercard
kkowalikf5;nwhitebreaddt@weibo.com;29;F;visa
mpundf6;ceddiedu@squidoo.com;8;N;mastercard
croneyf7;dwharramdv@elegantthemes.com;39;N;maestro
jczyzf8;ddurnelldw@sina.com.cn;4;N;maestro
cbodycombf9;jericdx@lulu.com;13;F;maestro
bperisfa;lfaustiandy@soundcloud.com;5;N;mastercard
kharuardfb;jchatenetdz@npr.org;9;N;maestro
hwhatmanfc;gsjostrome0@guardian.co.uk;34;N;mastercard
gespinasfd;imatteottie1@state.gov;42;F;maestro
lkennellyfe;dshivelle2@mapquest.com;28;N;mastercard
rnicelyff;cglayshere3@baidu.com;24;F;visa
ktorriefg;msturgesse4@yahoo.com;28;N;mastercard
apestrickefh;otunnacliffee5@bizjournals.com;43;N;mastercard
ccarnowfi;rtorfine6@51.la;48;F;visa
fscowenfj;wettye7@csmonitor.com;36;F;mastercard
lknokfk;kbrownhille8@miitbeian.gov.cn;25;F;mastercard
gpinkertonfl;sdeeree9@apple.com;34;F;maestro
kmachenfm;wtolottiea@omniture.com;3;N;visa
kschulzefn;rphilippeauxeb@joomla.org;44;N;visa
jnorthleighfo;hgillerec@archive.org;10;F;mastercard
sbaitmanfp;iwasylkiewiczed@163.com;45;N;mastercard
mdeblingfq;vvedekhovee@whitehouse.gov;48;F;visa
hmaingotfr;kisherwoodef@gov.uk;6;N;mastercard
glicciardifs;miczokvitzeg@fc2.com;5;F;maestro
bstucksburyft;bmacdunleavyeh@aol.com;27;F;maestro
astopfordfu;rmallabonei@house.gov;46;F;mastercard
mstidstonfv;kgaultej@forbes.com;22;F;maestro
gcowburnfw;bennionek@census.gov;50;F;maestro
aarlettfx;diannittiel@theglobeandmail.com;47;F;mastercard
jszapirofy;wdevaarem@over-blog.com;39;F;mastercard
dmyrkusfz;lelliten@admin.ch;17;N;maestro
ffieldstoneg0;lblatherwickeo@cbsnews.com;40;N;maestro
ohasellg1;awastlingep@netlog.com;25;F;visa
clivelyg2;dlarkinseq@digg.com;41;N;maestro
loliphardg3;gterretter@apple.com;8;N;visa
rtrobridgeg4;tgrzegorzewskies@psu.edu;44;F;visa
jlumberg5;rgossageet@dot.gov;37;N;maestro
vmickleburghg6;gdanceeu@tinyurl.com;33;N;mastercard
aoldfordg7;jmaywardev@elegantthemes.com;9;N;maestro
bartusg8;bdoniseew@dmoz.org;14;F;visa
idominettig9;cfairfoullex@squidoo.com;19;N;mastercard
bgarretga;dlehoney@sitemeter.com;35;F;mastercard
ltelfergb;babramamovhez@i2i.jp;40;N;visa
agreenwoodgc;akillingsworthf0@hhs.gov;37;F;visa
hlofthousegd;ckurtenf1@mit.edu;46;F;visa
tboyingtonge;osimisonf2@cafepress.com;24;F;visa
amacgiffingf;ahainesf3@wunderground.com;26;N;mastercard
cickowiczgg;tmazdonf4@i2i.jp;20;F;mastercard
ttulkgh;aedlerf5@tmall.com;19;F;maestro
lolechgi;mboottonf6@etsy.com;42;N;maestro
msymegj;csparrowef7@goo.ne.jp;25;F;mastercard
btofanelligk;dlindblomf8@noaa.gov;48;N;mastercard
vrobeygl;tfarrallf9@state.gov;14;N;maestro
acogergm;jwoollheadfa@reference.com;11;F;maestro
klancetergn;cstrowgerfb@yale.edu;16;F;visa
cthomgo;rjothamfc@cbsnews.com;8;F;mastercard
bsygrovegp;orichardtfd@ezinearticles.com;34;F;mastercard
fpitchersgq;ppatrickfe@mit.edu;42;N;mastercard
gmcmilliangr;ldowtryff@sohu.com;9;N;maestro
sristegs;pvertiganfg@microsoft.com;14;F;visa
nthelwllgt;lstearsfh@oaic.gov.au;41;N;maestro
dchazottegu;npettitfi@furl.net;32;N;mastercard
astraingegv;estoecklefj@wp.com;6;F;visa
mbartigw;lpaulafk@google.ca;22;F;visa
sstandbridgegx;tkubyszekfl@mashable.com;27;F;visa
rcragoegy;ccattrollfm@over-blog.com;23;N;visa
mlinkiegz;akimblefn@tiny.cc;40;N;visa
cfluxh0;cjollandsfo@oaic.gov.au;21;N;visa
cschimkeh1;nclurowfp@1und1.de;32;N;mastercard
bblofeldh2;ffishleighfq@mashable.com;14;N;maestro
dnesbyh3;jbaldaccofr@wordpress.com;23;N;maestro
mlavingtonh4;jdiblingfs@arizona.edu;32;F;maestro
mhoveh5;pskaeft@google.co.uk;29;N;maestro
kborderh6;vkeddlefu@census.gov;2;F;visa
asandercockh7;sstpierrefv@hubpages.com;28;N;visa
eshipph8;lkimbreyfw@businessinsider.com;31;N;maestro
lstyleh9;wklinefx@1und1.de;35;N;maestro
jnernha;agillittfy@pbs.org;15;F;maestro
gboycehb;cbriggefz@census.gov;45;F;visa
kolenovhc;tpenderg0@state.gov;6;F;maestro
oisaacshd;jduignang1@so-net.ne.jp;18;N;mastercard
pmcgloinhe;gstoddg2@huffingtonpost.com;49;N;mastercard
dkeerhf;bdoelg3@merriam-webster.com;39;N;visa
jhalseyhg;mboyetg4@creativecommons.org;36;F;mastercard
mslaymakerhh;adefilippog5@devhub.com;16;F;mastercard
omenishi;wgerrishg6@booking.com;25;F;maestro
ttzukerhj;dbrachellg7@behance.net;32;F;mastercard
ddakhnohk;djoireg8@artisteer.com;41;N;mastercard
apitonehl;emoringg9@e-recht24.de;12;N;mastercard
rbroadbridgehm;tbesseyga@rediff.com;7;N;visa
bforestelhn;kcartergb@webs.com;28;N;visa
rsatfordho;eseckingtongc@hao123.com;2;N;maestro
nbrownsetthp;ccrockengd@salon.com;26;N;mastercard
mlygohq;lkimbreyge@netvibes.com;34;N;maestro
nballayhr;jzorzigf@hhs.gov;47;N;visa
wcoultarhs;gkeoghgg@deliciousdays.com;12;N;visa
mohearnht;cbrislawngh@baidu.com;37;F;visa
pspringtorpehu;lmocquergi@utexas.edu;8;F;visa
mcubberleyhv;newensongj@dyndns.org;3;F;mastercard
agarlandhw;bwheelikergk@cnn.com;36;N;mastercard
tburtonshawhx;gmenichigl@mediafire.com;50;F;mastercard
bridgehy;rstuartgm@gizmodo.com;10;F;maestro
ggingoldhz;tquantgn@fda.gov;34;F;visa
dkantori0;hfoulstonego@pen.io;1;N;maestro
rbradderi1;mmodengp@ycombinator.com;35;F;maestro
acolledgei2;cuzelligq@github.io;3;N;mastercard
fyorathi3;lmaccartgr@delicious.com;7;F;visa
ddoogi4;tlepinegs@reuters.com;18;F;maestro
jbudnki5;eogaragt@123-reg.co.uk;12;N;visa
afurmani6;nidiensgu@cnn.com;9;N;maestro
csybbei7;kgoldagv@dagondesign.com;41;N;visa
gblackwelli8;snarriegw@myspace.com;1;F;visa
aochterlonyi9;ggeatergx@dailymail.co.uk;27;N;maestro
jbrewisia;bjerramgy@sina.com.cn;46;N;maestro
dphizackleaib;bectorgz@wufoo.com;29;N;maestro
rgruczkaic;epetegrewh0@hubpages.com;6;F;maestro
tcawtherayid;kfredsonh1@nps.gov;44;N;mastercard
lmanskeie;jmacmanush2@bloglines.com;17;N;maestro
clambalif;tspurretth3@baidu.com;20;F;maestro
blepruvostig;vskeelesh4@shareasale.com;48;F;mastercard
cthyingih;wtibbsh5@comsenz.com;10;F;mastercard
pleyburnii;mnaireh6@unicef.org;47;N;visa
tcolliverij;bsesserh7@mayoclinic.com;48;N;mastercard
epetoik;ldykah8@google.com.hk;7;N;visa
lcastanyeril;apeeblesh9@biblegateway.com;4;F;visa
atomblingsim;hstaggeha@fotki.com;29;N;mastercard
htitchenerin;rheinsiushb@mysql.com;50;N;visa
ikirkwoodio;hmacalorenhc@shinystat.com;7;N;visa
bmaindsip;sbalhamhd@sciencedaily.com;49;N;maestro
dkapiloffiq;eruperthe@odnoklassniki.ru;42;N;visa
ajermynir;hdunleavyhf@topsy.com;22;F;visa
lskeemoris;ecleynaerthg@lulu.com;6;F;maestro
ahammantit;llapidushh@economist.com;29;F;visa
gbarksiu;kmcmillianhi@123-reg.co.uk;7;F;mastercard
mcolloffiv;ksuermeierhj@arstechnica.com;43;F;maestro
cwarriw;bspellinghk@prweb.com;10;F;mastercard
ccolquitix;ghyderhl@g.co;2;F;visa
gmacknockeriy;kroiznhm@salon.com;37;F;visa
cpargetteriz;tmurthn@cmu.edu;18;F;visa
rmuncerj0;creubenho@pinterest.com;14;N;maestro
mtorransj1;bmeadshp@usda.gov;7;F;visa
cgritlandj2;sspatarulhq@howstuffworks.com;4;F;visa
yofeenyj3;rbraunthalhr@theguardian.com;41;N;maestro
twarlockj4;skiehlhs@a8.net;25;N;mastercard
bsloweyj5;mbeushawht@craigslist.org;6;F;maestro
mpantonej6;wpowdrillhu@sciencedirect.com;36;N;visa
ccarolij7;lspringthorphv@dyndns.org;34;N;visa
fstearndalej8;hloughrenhw@upenn.edu;13;F;visa
dmckerleyj9;odalglishhx@tmall.com;24;N;maestro
bbairstowja;jtemperleyhy@cbslocal.com;48;F;maestro
dsouthanjb;cwicketthz@theatlantic.com;9;F;visa
rtousyjc;cgjerdei0@java.com;37;F;visa
fgenckejd;lwhitlowi1@geocities.jp;44;F;mastercard
sdunbabinje;bcoppinsi2@nasa.gov;11;N;mastercard
clanninjf;kketleyi3@wufoo.com;39;N;maestro
epeterkinjg;arathjeni4@opensource.org;37;F;mastercard
spaylejh;maptedi5@sciencedaily.com;12;F;mastercard
lmacfadinji;slindelli6@tripod.com;8;F;maestro
pcandeyjj;lscholefieldi7@mysql.com;43;F;visa
sskirlingjk;gspurwayi8@home.pl;43;F;visa
stinmanjl;jgreensteadi9@phpbb.com;20;F;mastercard
mnorthidgejm;npottsia@gmpg.org;50;N;mastercard
jferyjn;cnorthcliffeib@usa.gov;25;N;maestro
tpelzerjo;mmccaullic@123-reg.co.uk;32;N;maestro
ddionsettijp;cahlfid@who.int;40;F;visa
jmccoryjq;qcuthbertie@hatena.ne.jp;26;N;maestro
klubertojr;lrisbieif@moonfruit.com;44;F;mastercard
bdashkovjs;fbilstonig@php.net;25;N;mastercard
dgrafomjt;pmartensenih@delicious.com;22;F;maestro
rbaissju;velldredii@wordpress.org;31;F;mastercard
mkrochmannjv;vplankij@51.la;43;F;mastercard
tabaroughjw;polyuninik@sohu.com;13;F;visa
llotheringtonjx;emaweril@bandcamp.com;38;N;mastercard
mpuddephattjy;muttermareim@ebay.co.uk;11;F;visa
chuytonjz;raccombin@wsj.com;45;N;visa
ajenikk0;vrollasonio@ycombinator.com;9;F;visa
rspicerk1;lkarranip@mlb.com;9;N;visa
npaddisonk2;tdurramiq@ox.ac.uk;43;N;maestro
hmathiassenk3;mjaegarir@microsoft.com;28;F;maestro
mbenesk4;jfearesis@wikispaces.com;28;N;visa
adinckek5;gnuddit@wufoo.com;30;F;maestro
sbertolaccinik6;cforreiu@indiegogo.com;41;F;mastercard
schapellowk7;egaythwaiteiv@delicious.com;44;F;visa
cpeidrok8;swildberiw@census.gov;38;F;mastercard
fdungatek9;sdilkeix@artisteer.com;4;F;maestro
sfosherka;vmarieiy@deliciousdays.com;25;F;mastercard
nmainwaringkb;dleathleyiz@gravatar.com;15;N;maestro
cinchkc;rdavidowichj0@ehow.com;7;F;mastercard
rwykekd;tbaddamj1@4shared.com;8;N;mastercard
imelluishke;smacadamj2@sina.com.cn;18;F;maestro
kbateupkf;acissellj3@artisteer.com;46;F;mastercard
arugierikg;ggodehardsfj4@yolasite.com;19;N;maestro
brochewellkh;acissonj5@jiathis.com;23;F;visa
wmushrowki;grebertj6@tuttocitta.it;25;F;visa
njubertkj;rcantillionj7@wufoo.com;44;F;maestro
dczyzkk;hgreensmithj8@usnews.com;15;F;mastercard
lsleightkl;mmellyj9@msu.edu;5;N;maestro
mcorterkm;alorenteja@ted.com;9;N;mastercard
dbradberrykn;rstanyardjb@epa.gov;20;F;visa
keliesko;cmcguinessjc@psu.edu;10;F;mastercard
esnellekp;azutejd@dailymotion.com;24;F;mastercard
tteaskq;bfrondtje@apple.com;23;N;visa
pandrionikr;omassardjf@examiner.com;35;F;maestro
dpeppardks;gdykinsjg@desdev.cn;6;F;maestro
brussilllkt;tandreottijh@tamu.edu;10;N;maestro
rviveashku;avasinji@godaddy.com;10;F;maestro
balgykv;magronjj@dion.ne.jp;49;N;visa
fshepcuttkw;atelferjk@unblog.fr;2;F;visa
rtonepohlkx;csexstonejl@shop-pro.jp;9;N;maestro
asteadmanky;erizzonejm@lycos.com;39;F;visa
mtolumellokz;sbocklerjn@cloudflare.com;40;F;visa
hlenahanl0;jscoulerjo@sun.com;41;N;visa
ecuell1;kkingscotejp@rakuten.co.jp;5;N;visa
bgeraghtyl2;mfredajq@wix.com;44;N;maestro
acircuitl3;csambrookjr@wp.com;7;F;visa
ghearnel4;scloneyjs@elegantthemes.com;2;F;visa
hbarkshirel5;mgumbleyjt@elegantthemes.com;21;N;mastercard
klampingl6;pburwoodju@bigcartel.com;20;F;visa
kcasarol7;mwestphalenjv@sitemeter.com;33;N;visa
wkalinowskyl8;bbaptistajw@networksolutions.com;43;F;mastercard
bpepisl9;wsteensonjx@cnet.com;12;N;visa
sewolsla;dsonesjy@telegraph.co.uk;31;F;visa
kmcskinlb;bfairbournejz@disqus.com;32;F;visa
fbeevislc;clyfordk0@cam.ac.uk;12;F;maestro
ccoyld;scravenk1@unesco.org;25;N;mastercard
pmanifieldle;mriseboroughk2@netscape.com;25;F;maestro
dweinlf;bowttrimk3@webmd.com;27;F;maestro
mjemisonlg;ballwoodk4@hibu.com;15;F;visa
sduckerlh;tpoonek5@360.cn;19;F;mastercard
bclewloweli;kgrewek6@wufoo.com;39;N;mastercard
cewertlj;asimmsk7@nba.com;37;N;visa
ilomasnylk;ccourtenayk8@ask.com;38;N;maestro
fheadyll;tsmithiesk9@illinois.edu;3;N;mastercard
awhelanlm;vdemalcharka@usa.gov;16;F;mastercard
rlivenln;vheffronkb@dropbox.com;48;F;mastercard
ashaddocklo;groweskc@sfgate.com;31;N;visa
pbalaamlp;plittletonkd@godaddy.com;22;N;maestro
lshinelq;adunkleyke@marketwatch.com;27;N;maestro
tkeenelr;ukrochmannkf@intel.com;4;N;maestro
gmontels;cmelhuishkg@pagesperso-orange.fr;15;F;visa
bharpinlt;alednorkh@desdev.cn;5;N;maestro
sdalgettylu;mraftki@cyberchimps.com;40;F;mastercard
vbardelllv;tbartholomauskj@google.it;27;F;mastercard
wferneleylw;cwaadenburgkk@bloomberg.com;38;F;maestro
gregolx;sondrakl@cam.ac.uk;25;N;mastercard
jbelzly;ddaughertykm@mail.ru;40;N;visa
cgippeslz;lbradykn@g.co;46;N;mastercard
jbrewism0;araspisonko@imdb.com;38;N;visa
hastillm1;btrevonkp@soup.io;40;F;mastercard
rcurtonm2;mpretorkq@t.co;15;N;maestro
mbeedhamm3;drubeskr@economist.com;7;F;maestro
rschubertm4;bkennyks@bandcamp.com;19;N;visa
gjovasevicm5;nerickssenkt@jimdo.com;12;N;maestro
jshapiram6;rwightku@merriam-webster.com;18;F;mastercard
ccoronadom7;sfarbrotherkv@unesco.org;50;F;mastercard
vferreiram8;nhodginskw@intel.com;7;N;maestro
kgoldiem9;mlagokx@macromedia.com;2;F;visa
mdivesma;sdobleky@patch.com;18;F;mastercard
ahookesmb;kmoncreiffkz@rediff.com;1;N;visa
agiacopellomc;ssteinhaml0@dell.com;45;N;visa
nmenarymd;atinkhaml1@bravesites.com;40;N;mastercard
ldunkleeme;acraikl2@google.cn;18;N;maestro
rleadmf;lmarymanl3@newyorker.com;47;F;maestro
acosgreavemg;scarinel4@friendfeed.com;49;F;maestro
cpedroccomh;mflellol5@ed.gov;32;N;mastercard
kbozworthmi;sbrandell6@google.nl;27;F;maestro
djaslemmj;kguinnanel7@vimeo.com;46;F;visa
aiacobuccimk;aeberlel8@sohu.com;48;F;visa
gclaringboldml;crenshawl9@aboutads.info;2;F;visa
hbruunmm;jonslowla@cbsnews.com;47;F;mastercard
bphillippsmn;amallalieulb@gizmodo.com;17;F;mastercard
onafzgermo;gswitsurlc@wp.com;3;F;mastercard
pmontgomerymp;jhenrield@mysql.com;25;N;maestro
rwestburymq;emullyle@hostgator.com;45;N;mastercard
lskoggingsmr;lrabjohnslf@barnesandnoble.com;15;N;visa
jrushmerems;bsesonlg@mail.ru;25;F;visa
nroylemt;mdempseylh@tmall.com;43;N;mastercard
cmuehlermu;wheningamli@i2i.jp;13;F;maestro
bishakimv;ghenckelj@ed.gov;8;F;mastercard
taltoftmw;ajakubovskilk@cnn.com;5;N;mastercard
gbertrammx;mchazerandll@mashable.com;25;F;visa
pkarysmy;cgiacomilm@ebay.com;19;N;maestro
bkneathmz;clangshawln@sciencedirect.com;1;N;visa
spatillon0;tsuttielo@npr.org;49;F;maestro
mdomenichellin1;kwildorlp@miitbeian.gov.cn;13;F;mastercard
mlidgertwoodn2;zhowmanlq@hao123.com;30;F;mastercard
rvasyushkhinn3;clentonlr@state.gov;17;F;maestro
kgundersonn4;ggallowayls@wix.com;10;N;mastercard
gstreakn5;efeldfisherlt@twitter.com;7;N;visa
sparkinsonn6;gleanderlu@wisc.edu;3;N;maestro
sbalmforthn7;lsmithenlv@google.co.jp;45;N;visa
lduffittn8;spochonlw@noaa.gov;18;N;mastercard
bwytchardn9;jbabblx@cdbaby.com;23;N;maestro
maberhartna;hbrechly@nbcnews.com;39;F;maestro
sbosomworthnb;ibouettelz@cloudflare.com;43;N;visa
djubertnc;jshevlanm0@goodreads.com;45;F;visa
debblesnd;lyakovm1@ask.com;36;N;mastercard
kalvaresne;edescoffierm2@livejournal.com;17;F;mastercard
cgloucesternf;jlanfranconim3@desdev.cn;22;N;visa
fpensonng;mrocksm4@hatena.ne.jp;44;F;maestro
dgemnettnh;dgeeritzm5@yahoo.co.jp;48;N;maestro
ekolinskyni;cmacgrathm6@ow.ly;36;N;visa
lentisslenj;fterrellm7@uol.com.br;45;F;mastercard
nschimonink;troysem8@spiegel.de;2;F;maestro
hlewingtonnl;wmontesm9@dmoz.org;10;F;visa
jcoveynm;jodayma@youtube.com;23;F;mastercard
dgilmannn;bmalonemb@mit.edu;1;F;visa
vyarringtonno;lgeevesmc@samsung.com;1;F;mastercard
kwabersichnp;ttatteshallmd@hugedomains.com;39;F;maestro
lmilsonnq;civasechkome@utexas.edu;12;N;visa
mtalenr;ktibbettsmf@yahoo.com;24;N;mastercard
bkleinlererns;odunkinsonmg@state.gov;2;F;visa
tguinanent;ahatherallmh@diigo.com;45;F;maestro
mkenefordenu;agiamuzzomi@npr.org;6;N;visa
mreaynv;mspittlesmj@reuters.com;41;F;visa
tomahonynw;imoverleymk@marriott.com;32;F;mastercard
amcgilroynx;sandrioliml@accuweather.com;22;N;mastercard
lkinvanny;mpeattiemm@reverbnation.com;8;F;maestro
mtimothynz;njouannissonmn@google.it;34;N;visa
nbeestono0;cubankmo@mlb.com;15;F;mastercard
lcaldronio1;plonglandsmp@meetup.com;14;F;visa
blinebargero2;uvidineevmq@dailymotion.com;9;N;mastercard
ntalleto3;kbeckettmr@pen.io;7;F;mastercard
vbunkleo4;gschapiroms@umich.edu;37;F;maestro
mmcgarrahano5;ewassmt@ucsd.edu;19;N;maestro
ccritzeno6;cwyermu@flickr.com;26;F;visa
atregeao7;ihalpeinemv@simplemachines.org;10;F;visa
aholsono8;ltetthermw@auda.org.au;39;N;maestro
fspilisyo9;nwasteneymx@ihg.com;39;N;visa
epercyoa;jdupreymy@google.cn;23;F;maestro
rphilipsohnob;lpentonymz@twitpic.com;46;F;mastercard
tjeandonoc;slackintonn0@spotify.com;30;F;maestro
tplumptreod;gdoutchn1@prnewswire.com;22;N;visa
gcaldecourtoe;aaccomben2@wordpress.com;24;F;visa
nmatessianof;rswatheridgen3@abc.net.au;35;F;maestro
cbalsomog;ldaaln4@soundcloud.com;50;N;maestro
crubinovoh;tpuckhamn5@sciencedirect.com;32;F;visa
cocorroi;arandersonn6@github.io;12;N;visa
csabatesoj;qmossdalen7@delicious.com;13;N;maestro
foneillok;egeocklen8@huffingtonpost.com;34;F;visa
mdittsonol;bhabbinn9@webmd.com;40;N;visa
ualdrittom;nbawlena@php.net;50;N;maestro
byoellon;avigrassnb@unesco.org;43;F;visa
sburlandoo;pgonsalonc@techcrunch.com;28;N;mastercard
tfriedop;wpirkisnd@wsj.com;10;N;mastercard
gcheversoq;somoylanene@wikimedia.org;2;F;maestro
mmacadieor;skellartnf@cisco.com;5;F;maestro
egarriqueos;dklementng@opensource.org;18;F;maestro
ascrangeot;mmaiornh@blogspot.com;46;N;visa
griefou;rbattyllni@fda.gov;18;F;mastercard
amacroov;kkiezlernj@printfriendly.com;7;N;visa
cfranciottoiow;hplummnk@bluehost.com;22;N;mastercard
sbowshireox;lvaldernl@jugem.jp;19;N;maestro
zkeightleyoy;dvalenssmithnm@npr.org;2;F;maestro
abruyettoz;vkarlemannn@rediff.com;14;N;visa
cmayoup0;lloftyno@earthlink.net;22;F;visa
sbusep1;jhesselnp@unblog.fr;7;F;visa
vtabourierp2;bfouldsnq@zimbio.com;16;F;mastercard
mmosconip3;cebunoluwanr@dropbox.com;12;F;mastercard
dcutlerp4;pdorwardns@cocolog-nifty.com;6;N;mastercard
fallchornep5;bsmullinnt@sphinn.com;28;N;mastercard
caidlerp6;lhainsnu@t-online.de;45;F;mastercard
mfrainp7;ndavillenv@google.cn;40;F;visa
adebruinp8;davraamnw@fastcompany.com;38;F;maestro
kreyburnp9;breddingnx@clickbank.net;45;F;maestro
cbrundrettpa;igallardny@noaa.gov;24;F;visa
cchadwinpb;schippingnz@mashable.com;49;F;maestro
bstenettpc;mrunnicleso0@shop-pro.jp;22;N;mastercard
adockrillpd;gusborno1@chronoengine.com;18;N;visa
ldurope;sfitto2@vimeo.com;48;N;mastercard
kchaterspf;rphizakarleyo3@sciencedaily.com;41;F;maestro
gdachspg;srevetto4@hatena.ne.jp;31;N;visa
scocksonph;stagueo5@webs.com;43;F;visa
estraunpi;rpawletto6@wired.com;35;N;maestro
mmccromleypj;dphilotto7@indiatimes.com;3;F;maestro
jcreanypk;jleborgneo8@dion.ne.jp;28;F;mastercard
gchiccopl;jhulmeo9@stumbleupon.com;15;F;visa
cbelchamberpm;mcaitlinoa@google.co.jp;22;N;mastercard
mstenbridgepn;ajozefczakob@shareasale.com;40;N;visa
hfalcopo;csiburnoc@xinhuanet.com;22;N;mastercard
rkeizmanpp;mperratod@wired.com;7;F;maestro
lcarrpq;ccelleoe@weather.com;4;N;mastercard
mchadbandpr;ndibollof@soundcloud.com;11;F;maestro
lblumfieldps;arunciemanog@vinaora.com;41;N;maestro
nlaypt;cdarnodyoh@nifty.com;20;N;mastercard
jgarrpu;hbranchoi@about.com;20;F;maestro
cteatherpv;tduckittoj@eventbrite.com;44;N;mastercard
bpennycuickpw;eclyburnok@last.fm;43;N;visa
hpedlowpx;mhillenol@nsw.gov.au;35;F;visa
ahaddypy;fslymeom@google.nl;41;F;visa
rjenkenpz;sstreaton@stumbleupon.com;15;N;maestro
wweinsq0;bwiffenoo@hostgator.com;32;F;mastercard
smckeurtanq1;ccantillionop@rediff.com;18;F;visa
dstruttonq2;jaynoldoq@google.ru;37;N;maestro
taitkinq3;tvanderspohror@vimeo.com;21;F;mastercard
vwiffillq4;ccohrsos@123-reg.co.uk;14;N;mastercard
nchattingtonq5;kcrimot@zimbio.com;1;F;mastercard
botimonyq6;sspinolaou@arizona.edu;44;N;visa
awakesq7;lleslieov@unblog.fr;49;N;visa
emattheusq8;teddowow@zdnet.com;36;F;maestro
arobusq9;bmeashamox@tripadvisor.com;26;F;visa
tcalvieqa;einsulloy@howstuffworks.com;39;N;visa
tgrocockqb;tandrenoz@dailymotion.com;49;N;mastercard
sfitterqc;bpaulingp0@quantcast.com;43;N;maestro
cmaccurtainqd;atremaynep1@typepad.com;32;N;mastercard
tbausorqe;jothenp2@weebly.com;12;F;visa
kisacqf;agallonep3@digg.com;47;N;mastercard
jcowgillqg;htidswellp4@flickr.com;6;F;mastercard
ubarnettqh;zsyderp5@merriam-webster.com;34;N;visa
fcamiesqi;zmccloughenp6@quantcast.com;22;F;mastercard
byausqj;cdarrellp7@linkedin.com;44;N;mastercard
llimbourneqk;flystp8@joomla.org;39;N;maestro
gkoeneql;cluciusp9@goo.ne.jp;41;F;mastercard
lmoxomqm;mcarduspa@youtube.com;8;N;maestro
cpoulsomqn;fjeannaudpb@google.fr;47;F;mastercard
dgileqo;rmitchensonpc@opera.com;34;N;visa
tscoonqp;dcridlonpd@smh.com.au;46;N;maestro
rhottonqq;psalsburype@umich.edu;16;F;maestro
mwykeyqr;pgiorgipf@sitemeter.com;15;F;mastercard
kprysqs;fdoylepg@bloomberg.com;37;N;visa
sfolkardqt;etackerph@studiopress.com;22;F;mastercard
tmcmackinqu;vperillopi@soup.io;37;N;visa
naldersleyqv;ncesaricpj@feedburner.com;5;F;maestro
tbowlingqw;sdarceypk@amazon.co.uk;29;N;mastercard
lsellackqx;cbonerpl@samsung.com;38;N;maestro
lrafterqy;bwitheringtonpm@over-blog.com;40;N;maestro
bsandercockqz;efendlowpn@prweb.com;22;F;maestro
tjacquemer0;jleerpo@t.co;34;N;maestro
sdionsettor1;rmcvanepp@paginegialle.it;39;N;mastercard
wepsleyr2;vmaplethorppq@mit.edu;16;F;visa
ttuffinr3;kleveypr@webnode.com;23;N;mastercard
emeadenr4;navramovps@myspace.com;18;N;mastercard
balvesr5;ibarckept@wikispaces.com;24;F;maestro
dscamerdiner6;adecroixpu@goodreads.com;15;N;maestro
lsharrocksr7;owynnpv@sourceforge.net;1;F;mastercard
jgailr8;gblakeleypw@trellian.com;17;F;mastercard
rratrayr9;erileypx@themeforest.net;6;F;visa
mgreetra;kkienlepy@mtv.com;22;N;visa
bstubbinrb;ltownsleypz@java.com;38;N;maestro
achallengerrc;jschukertq0@pbs.org;31;F;maestro
ngaggrd;lmccauleyq1@linkedin.com;16;N;mastercard
tarunowiczre;kchestertonq2@dagondesign.com;11;N;visa
jsantirf;agreyq3@google.de;28;F;visa
hviantrg;wdanbyeq4@altervista.org;16;N;maestro
rdunphierh;pcourtenayq5@cisco.com;25;F;visa
dtidcomberi;tsammondsq6@ehow.com;17;F;mastercard
aathertonrj;rchampleyq7@springer.com;29;N;mastercard
okellarrk;mwildinq8@columbia.edu;22;N;visa
mbathersbyrl;dfarmanq9@list-manage.com;35;N;mastercard
cjanicekrm;mphilipsonqa@networksolutions.com;33;N;maestro
clehrmannrn;nmclardieqb@tamu.edu;24;F;visa
lfiddimanro;lbrunonqc@taobao.com;49;F;visa
asanterp;spointonqd@cyberchimps.com;14;F;visa
jshulverrq;cdoolanqe@technorati.com;5;N;visa
mtorrerr;gbraidqf@ihg.com;43;N;maestro
